<?xml version="1.0" encoding="UTF-8"?>
<project-private xmlns="http://www.netbeans.org/ns/project-private/1">
    <editor-bookmarks xmlns="http://www.netbeans.org/ns/editor-bookmarks/2" lastBookmarkId="0"/>
    <open-files xmlns="http://www.netbeans.org/ns/projectui-open-files/2">
        <group>
            <file>file:/C:/SGUS/CP2/13_Oct/src/core/banking/Account.java</file>
            <file>file:/C:/SGUS/CP2/13_Oct/src/core/banking/StudentAccount.java</file>
            <file>file:/C:/SGUS/CP2/13_Oct/src/com/bank/UniStudentAccount.java</file>
            <file>file:/C:/SGUS/CP2/13_Oct/src/com/bank/StarterClass.java</file>
        </group>
    </open-files>
</project-private>
