<?xml version="1.0" encoding="UTF-8"?>
<project-private xmlns="http://www.netbeans.org/ns/project-private/1">
    <editor-bookmarks xmlns="http://www.netbeans.org/ns/editor-bookmarks/2" lastBookmarkId="0"/>
    <open-files xmlns="http://www.netbeans.org/ns/projectui-open-files/2">
        <group>
            <file>file:/C:/Users/hlaing/Desktop/New%20folder/io/FileExplorer/src/file/exp/binputst.java</file>
            <file>file:/C:/Users/hlaing/Desktop/New%20folder/io/FileExplorer/src/file/exp/FileExplorer.java</file>
            <file>file:/C:/Users/hlaing/Desktop/New%20folder/io/FileExplorer/src/file/exp/inputst.java</file>
            <file>file:/C:/Users/hlaing/Desktop/New%20folder/io/FileExplorer/src/file/exp/createbw.java</file>
        </group>
    </open-files>
</project-private>
